Workbook

Sheet Checklist
A1: ENSAIO DE TRAÇÃO - CHECKLIST DO DIA
A3: Nº | B3: Etapa | C3: Feito (x) | D3: Valor anotado / observação
A4: 1 | B4: Montar EVA no chão, plano e firme, na área toda
A5: 2 | B5: Veículo sobre o EVA com massa adicional PRESO e centralizada
A6: 3 | B6: Pesar o conjunto na vertical (fita no chassi, carro nivelado, suspenso e parado) | D6: m_total = ____ kg
A7: 4 | B7: Medir R_ef: centro da roda → superfície do EVA, 4 rodas × 2 medições | D7: R_ef médio = ____ mm
A8: 5 | B8: Medir θ: ângulo da balança com o veículo engatado e folga tirada (3 leituras) | D8: θ = ____ °
A9: 6 | B9: Engatar balança na estrutura na altura do eixo; corda na gaveta; linha horizontal
A10: 7 | B10: Tirar folga (leve tensão) e TARAR a balança
A11: 8 | B11: Conectar Due ao notebook; FECHAR Monitor Serial da IDE se aberta
A12: 9 | B12: Rodar leitura.py na pasta do ensaio; informar nome do CSV | D12: arquivo: ______.csv
A13: 10 | B13: Calibrar offset (motor DESLIGADO, ~4 min) — conferir 'Offset calibrado' | D13: offset = ____ V
A14: 11 | B14: ENSAIO EM VAZIO: suspender carro, rodas livres, balança desacoplada
A15: 12 | B15: Degraus de PWM subindo e descendo; registrar I por degrau (I₀) | D15: I₀ salvo no CSV/nota
A16: 13 | B16: Tirar carro do chão, engatar balança, tarar, conferir θ novamente
A17: 14 | B17: ENSAIO DE TRAÇÃO: série 1 (subida+descida), ~20 degraus, pausas p/ resfriar
A18: 15 | B18: Repetir séries 2 a 5 (nova tara a cada série)
A19: 16 | B19: Abortar se I > 110 A ou ESC cortar por temperatura
A20: 17 | B20: Ao final: Ctrl+C, conferir CSV, anotar temperatura ambiente e observações

Sheet Pré-medidas
A1: PRÉ-MEDIÇÕES (condição de ensaio: com massa, sobre EVA)
A3: Pesagem (vertical, conjunto montado)
A5: Medição | B5: Valor | C5: Unidade
A6: Leitura balança (veículo + baterias + massa, suspenso) | C6: kg
A7: Massa adicional separada | C7: kg
A8: Massa do veículo sem carga adicional | C8: kg
A9: N = m_total × g (g = 9,81) | B9: =B6*9.81 | C9: N
A12: Raio efetivo (centro da roda → topo do EVA)
A13: Roda | B13: Medida 1 (mm) | C13: Medida 2 (mm) | D13: Média (mm)
A14: Dianteira esquerda | D14: =AVERAGE(B14:C14)
A15: Dianteira direita | D15: =AVERAGE(B15:C15)
A16: Traseira esquerda | D16: =AVERAGE(B16:C16)
A17: Traseira direita | D17: =AVERAGE(B17:C17)
A18: R_ef adotado (média das 4) | D18: =AVERAGE(D14:D17)
A20: Ângulo da balança (θ)
A21: Leitura | B21: θ (graus)
A22: Antes do ensaio 1
A23: Antes do ensaio 2
A24: Antes do ensaio 3
A25: No meio do ensaio
A26: Ao final 1
A27: Ao final 2
A28: Ao final 3
A29: θ adotado (média) | B29: =AVERAGE(B22:B28)
A30: cos θ | B30: =COS(RADIANS(B29))
A31: Fator de correção 1/cos θ | B31: =1/B30

Sheet Registro do ensaio
A1: REGISTRO DE PONTOS (anotar por degrau; corrente também sai no CSV do leitura.py)
A3: Série | B3: Sentido (subida/descida) | C3: Degrau PWM (%) | D3: Corrente I (A) leit.1 | E3: leit.2 | F3: leit.3 | G3: I média (A) | H3: Força balança (kgf) l.1 | I3: l.2 | J3: l.3 | K3: F média (kgf) | L3: F corrigida (N) | M3: Torque T (N·m) | N3: Observações
G4: =IF(COUNT(D4:F4)=0,"",AVERAGE(D4:F4)) | K4: =IF(COUNT(H4:J4)=0,"",AVERAGE(H4:J4)) | L4: =IF(K4="","",K4*9.81/Pré-medidas!$B$30) | M4: =IF(L4="","",L4*Pré-medidas!$D$18/1000)
G5: =IF(COUNT(D5:F5)=0,"",AVERAGE(D5:F5)) | K5: =IF(COUNT(H5:J5)=0,"",AVERAGE(H5:J5)) | L5: =IF(K5="","",K5*9.81/Pré-medidas!$B$30) | M5: =IF(L5="","",L5*Pré-medidas!$D$18/1000)
G6: =IF(COUNT(D6:F6)=0,"",AVERAGE(D6:F6)) | K6: =IF(COUNT(H6:J6)=0,"",AVERAGE(H6:J6)) | L6: =IF(K6="","",K6*9.81/Pré-medidas!$B$30) | M6: =IF(L6="","",L6*Pré-medidas!$D$18/1000)
G7: =IF(COUNT(D7:F7)=0,"",AVERAGE(D7:F7)) | K7: =IF(COUNT(H7:J7)=0,"",AVERAGE(H7:J7)) | L7: =IF(K7="","",K7*9.81/Pré-medidas!$B$30) | M7: =IF(L7="","",L7*Pré-medidas!$D$18/1000)
G8: =IF(COUNT(D8:F8)=0,"",AVERAGE(D8:F8)) | K8: =IF(COUNT(H8:J8)=0,"",AVERAGE(H8:J8)) | L8: =IF(K8="","",K8*9.81/Pré-medidas!$B$30) | M8: =IF(L8="","",L8*Pré-medidas!$D$18/1000)
G9: =IF(COUNT(D9:F9)=0,"",AVERAGE(D9:F9)) | K9: =IF(COUNT(H9:J9)=0,"",AVERAGE(H9:J9)) | L9: =IF(K9="","",K9*9.81/Pré-medidas!$B$30) | M9: =IF(L9="","",L9*Pré-medidas!$D$18/1000)
G10: =IF(COUNT(D10:F10)=0,"",AVERAGE(D10:F10)) | K10: =IF(COUNT(H10:J10)=0,"",AVERAGE(H10:J10)) | L10: =IF(K10="","",K10*9.81/Pré-medidas!$B$30) | M10: =IF(L10="","",L10*Pré-medidas!$D$18/1000)
G11: =IF(COUNT(D11:F11)=0,"",AVERAGE(D11:F11)) | K11: =IF(COUNT(H11:J11)=0,"",AVERAGE(H11:J11)) | L11: =IF(K11="","",K11*9.81/Pré-medidas!$B$30) | M11: =IF(L11="","",L11*Pré-medidas!$D$18/1000)
G12: =IF(COUNT(D12:F12)=0,"",AVERAGE(D12:F12)) | K12: =IF(COUNT(H12:J12)=0,"",AVERAGE(H12:J12)) | L12: =IF(K12="","",K12*9.81/Pré-medidas!$B$30) | M12: =IF(L12="","",L12*Pré-medidas!$D$18/1000)
G13: =IF(COUNT(D13:F13)=0,"",AVERAGE(D13:F13)) | K13: =IF(COUNT(H13:J13)=0,"",AVERAGE(H13:J13)) | L13: =IF(K13="","",K13*9.81/Pré-medidas!$B$30) | M13: =IF(L13="","",L13*Pré-medidas!$D$18/1000)
G14: =IF(COUNT(D14:F14)=0,"",AVERAGE(D14:F14)) | K14: =IF(COUNT(H14:J14)=0,"",AVERAGE(H14:J14)) | L14: =IF(K14="","",K14*9.81/Pré-medidas!$B$30) | M14: =IF(L14="","",L14*Pré-medidas!$D$18/1000)
G15: =IF(COUNT(D15:F15)=0,"",AVERAGE(D15:F15)) | K15: =IF(COUNT(H15:J15)=0,"",AVERAGE(H15:J15)) | L15: =IF(K15="","",K15*9.81/Pré-medidas!$B$30) | M15: =IF(L15="","",L15*Pré-medidas!$D$18/1000)
... G103: =IF(COUNT(D103:F103)=0,"",AVERAGE(D103:F103)) | K103: =IF(COUNT(H103:J103)=0,"",AVERAGE(H103:J103)) | L103: =IF(K103="","",K103*9.81/Pré-medidas!$B$30) | M103: =IF(L103="","",L103*Pré-medidas!$D$18/1000)

Sheet Resumo
A1: RESUMO PÓS-ENSAIO
A3: Item | B3: Valor
A4: Arquivo CSV da série
A5: Corrente de saturação I_sat (joelho da curva) (A)
A6: Força de saturação F_sat (N)
A7: μ ≈ F_sat / (m_total × g)
A8: Sensibilidade da reta â (N·m/A)
A9: Offset da reta b̂ (N·m)
A10: Incerteza expandida U (N·m)
A11: Temperatura ambiente (°C)
A12: Observações (patinagem, wheelie, deriva de zero, ...)
